Country,Hurst_Exponent
Chile,0.600404506932446
Peru,0.6408726260252617
Colombia,0.6389490375980242
