,Chile,Peru,Colombia
Chile,1.0,0.16366169434289785,0.1247158855238968
Peru,0.16366169434289785,1.0,0.10623231778990556
Colombia,0.12471588552389683,0.10623231778990556,1.0
